{
  "backend": "embedded_reference",
  "metric": "euclidean",
  "k": 3,
  "y_train": [
    0,
    0,
    1,
    1,
    2,
    2
  ],
  "nn_scores": [
    [
      0.7681071948906862,
      0.23189280510931387,
      0.0
    ],
    [
      0.23406710223767416,
      0.7659328977623258,
      0.0
    ],
    [
      0.0,
      0.23145829920031855,
      0.7685417007996814
    ],
    [
      0.0,
      0.7300649726085189,
      0.2699350273914812
    ]
  ],
  "frnn_scores": [
    [
      0.6933519381339514,
      0.30177001308556123,
      0.004878048780487403
    ],
    [
      0.3045548279989283,
      0.6848125934040629,
      0.010632578597008833
    ],
    [
      0.010632578597008726,
      0.3021916485767276,
      0.6871757728262637
    ],
    [
      0.05781529038947339,
      0.5806311892065205,
      0.36155352040400607
    ]
  ]
}