{
  "backend": "embedded_reference",
  "eps": 1e-12,
  "x_train": [
    [
      0.0,
      0.0
    ],
    [
      0.2,
      0.1
    ],
    [
      4.8,
      5.0
    ],
    [
      5.1,
      4.9
    ],
    [
      9.9,
      10.2
    ],
    [
      10.1,
      9.8
    ]
  ],
  "x_query": [
    [
      0.1,
      0.0
    ],
    [
      4.9,
      5.2
    ],
    [
      10.0,
      10.0
    ],
    [
      6.0,
      6.0
    ]
  ],
  "x_train_norm": [
    [
      0.0,
      0.0
    ],
    [
      0.019801980198017842,
      0.009803921568626492
    ],
    [
      0.4752475247524282,
      0.4901960784313245
    ],
    [
      0.5049504950494549,
      0.48039215686269804
    ],
    [
      0.9801980198018833,
      0.999999999999902
    ],
    [
      0.999999999999901,
      0.9607843137253961
    ]
  ],
  "x_query_norm": [
    [
      0.009900990099008921,
      0.0
    ],
    [
      0.4851485148514372,
      0.5098039215685776
    ],
    [
      0.9900990099008921,
      0.980392156862649
    ],
    [
      0.5940594059405353,
      0.5882352941175895
    ]
  ]
}